Larger Text,Smaller Text,Symbol
C++P,NA,NA
ROGRAMMING,NA,NA
P,ROGRAM,NA
D,ESIGN,NA
I,NCLUDING,NA
D,ATA,NA
F,IFTH,NA
D.S.M,NA,NA
B,NA,NA
RIEF,NA,NA
C,NA,NA
T,NA,NA
ABLEOF,NA,NA
C,NA,NA
P,NA,NA
F,NA,NA
EATURESOFTHE,NA,NA
B,NA,NA
S,NA,NA
UPPLEMENTAL,NA,NA
R,NA,NA
A,NA,NA
A,NA,NA
N,NA,NA
O,NA,NA
VERVIEWOF,NA,NA
C,NA,NA
OMPUTERSAND,NA,NA
P,NA,NA
ROGRAMMING,NA,NA
L,NA,NA
1,NA,NA
ProgrammingwiththeProblem,NA,NA
�,(length+width) area=length,NA
�,0.04 citySalesTax=salePrice,NA
B,NA,NA
ASIC,NA,NA
E,NA,NA
LEMENTSOF,NA,NA
2,NA,NA
string,NA,NA
namespace,NA,NA
andUsing,NA,NA
cin,NA,NA
and,NA,NA
cout,NA,NA
Usingthe,NA,NA
string,NA,NA
Debugging:UnderstandingandFixingSyntax,NA,NA
I,NA,NA
NPUT,NA,NA
/O,NA,NA
3,NA,NA
cin,NA,NA
andtheExtractionOperator,NA,NA
cin,NA,NA
andthe,NA,NA
get,NA,NA
cin,NA,NA
andthe,NA,NA
ignore,NA,NA
The,NA,NA
putback,NA,NA
and,NA,NA
peek,NA,NA
TheDotNotationbetweenI/OStreamVariablesandI/OFunctions:,NA,NA
The,NA,NA
clear,NA,NA
setprecision,NA,NA
fixed,NA,NA
showpoint,NA,NA
setfill,NA,NA
left,NA,NA
and,NA,NA
right,NA,NA
Input/Outputandthe,NA,NA
string,NA,NA
Debugging:UnderstandingLogicErrors,NA,NA
andDebuggingwith,NA,NA
cout,NA,NA
C,NA,NA
ONTROL,NA,NA
S,NA,NA
TRUCTURES,NA,NA
I,NA,NA
(S,NA,NA
ELECTION,NA,NA
4,NA,NA
RelationalOperatorsandthe,NA,NA
string,NA,NA
int,NA,NA
bool,NA,NA
Selection:,NA,NA
if,NA,NA
and,NA,NA
if,NA,NA
...,NA,NA
MultipleSelections:Nested,NA,NA
Comparing,NA,NA
if,NA,NA
...,NA,NA
else,NA,NA
StatementswithaSeriesof,NA,NA
if,NA,NA
AvoidingBugsbyAvoidingPartiallyUnderstoodConcepts,NA,NA
InputFailureandthe,NA,NA
if,NA,NA
ConfusionbetweentheEqualityOperator(==)andthe,NA,NA
ConditionalOperator(,NA,NA
?,NA,NA
:,NA,NA
"UsingPseudocodetoDevelop,Test,",NA,NA
switch,NA,NA
AvoidingBugsbyAvoidingPartiallyUnderstoodConcepts,NA,NA
TerminatingaProgramwiththe,NA,NA
assert,NA,NA
C,NA,NA
ONTROL,NA,NA
S,NA,NA
TRUCTURES,NA,NA
II,NA,NA
(R,NA,NA
EPETITION,NA,NA
5,NA,NA
while,NA,NA
Designing,NA,NA
while,NA,NA
Case1:Counter-Controlled,NA,NA
while,NA,NA
Case2:Sentinel-Controlled,NA,NA
while,NA,NA
Case3:Flag-Controlled,NA,NA
while,NA,NA
Case4:EOF-Controlled,NA,NA
while,NA,NA
MoreonExpressionsin,NA,NA
while,NA,NA
for,NA,NA
do,NA,NA
...,NA,NA
while,NA,NA
break,NA,NA
and,NA,NA
continue,NA,NA
U,NA,NA
SER,NA,NA
-D,NA,NA
EFINED,NA,NA
F,NA,NA
UNCTIONS,NA,NA
6,NA,NA
return,NA,NA
Syntax:,NA,NA
return,NA,NA
U,NA,NA
SER,NA,NA
-D,NA,NA
EFINED,NA,NA
F,NA,NA
UNCTIONS,NA,NA
7,NA,NA
ValueandReferenceParametersandMemory,NA,NA
ReferenceParametersandValue-Returning,NA,NA
"GlobalVariables,NamedConstants,",NA,NA
U,NA,NA
SER,NA,NA
-D,NA,NA
EFINED,NA,NA
S,NA,NA
IMPLE,NA,NA
D,NA,NA
ATA,NA,NA
T,NA,NA
YPES,NA,NA
",N",NA,NA
AMESPACES,NA,NA
",",NA,NA
AND,NA,NA
THE,NA,NA
string,NA,NA
T,NA,NA
8,NA,NA
typedef,NA,NA
string,NA,NA
Additional,NA,NA
string,NA,NA
A,NA,NA
RRAYSAND,NA,NA
S,NA,NA
9,NA,NA
C,NA,NA
string,NA,NA
ArraysofStringsandthe,NA,NA
string,NA,NA
ArraysofStringsand,NA,NA
C,NA,NA
R,NA,NA
ECORDS,NA,NA
(,NA,NA
struct,NA,NA
Records(,NA,NA
struct,NA,NA
1,NA,NA
Accessing,NA,NA
struct,NA,NA
1,NA,NA
1,NA,NA
struct,NA,NA
Arraysversus,NA,NA
struct,NA,NA
1,NA,NA
Arraysin,NA,NA
struct,NA,NA
1,NA,NA
struct,NA,NA
1,NA,NA
struct,NA,NA
swithina,NA,NA
1,NA,NA
1,NA,NA
1,NA,NA
1,NA,NA
1,NA,NA
1,NA,NA
1,NA,NA
1,NA,NA
1,NA,NA
1,NA,NA
1,NA,NA
1,NA,NA
C,NA,NA
LASSESAND,NA,NA
D,NA,NA
ATA,NA,NA
A,NA,NA
1,NA,NA
1,NA,NA
1,NA,NA
1,NA,NA
1,NA,NA
1,NA,NA
1,NA,NA
1,NA,NA
Orderof,NA,NA
public,NA,NA
and,NA,NA
private,NA,NA
1,NA,NA
1,NA,NA
1,NA,NA
1,NA,NA
1,NA,NA
1,NA,NA
"DataAbstraction,Classes,andAbstract",NA,NA
1,NA,NA
A,NA,NA
struct,NA,NA
Versusa,NA,NA
1,NA,NA
1,NA,NA
1,NA,NA
1,NA,NA
1,NA,NA
1,NA,NA
1,NA,NA
1,NA,NA
1,NA,NA
1,NA,NA
1,NA,NA
1,NA,NA
1,NA,NA
1,NA,NA
1,NA,NA
1,NA,NA
1,NA,NA
1,NA,NA
1,NA,NA
1,NA,NA
1,NA,NA
I,NA,NA
NHERITANCEAND,NA,NA
C,NA,NA
1,NA,NA
1,NA,NA
1,NA,NA
1,NA,NA
1,NA,NA
1,NA,NA
1,NA,NA
1,NA,NA
1,NA,NA
1,NA,NA
1,NA,NA
Inheritanceas,NA,NA
public,NA,NA
",",NA,NA
protected,NA,NA
",or",NA,NA
1,NA,NA
(Accessing,NA,NA
protected,NA,NA
1,NA,NA
1,NA,NA
1,NA,NA
1,NA,NA
Object-OrientedDesign(OOD)and,NA,NA
1,NA,NA
1,NA,NA
1,NA,NA
1,NA,NA
1,NA,NA
1,NA,NA
1,NA,NA
1,NA,NA
1,NA,NA
1,NA,NA
1,NA,NA
1,NA,NA
1,NA,NA
1,NA,NA
1,NA,NA
1,NA,NA
1,NA,NA
1,NA,NA
P,NA,NA
OINTERS,NA,NA
",C",NA,NA
LASSES,NA,NA
",V",NA,NA
IRTUAL,NA,NA
F,NA,NA
UNCTIONS,NA,NA
",A",NA,NA
BSTRACT,NA,NA
C,NA,NA
LASSES,NA,NA
",",NA,NA
AND,NA,NA
L,NA,NA
1,NA,NA
1,NA,NA
1,NA,NA
1,NA,NA
1,NA,NA
Operator,NA,NA
Operator,NA,NA
1,NA,NA
1,NA,NA
1,NA,NA
1,NA,NA
1,NA,NA
1,NA,NA
1,NA,NA
1,NA,NA
1,NA,NA
1,NA,NA
1,NA,NA
1,NA,NA
1,NA,NA
1,NA,NA
1,NA,NA
1,NA,NA
1,NA,NA
1,NA,NA
1,NA,NA
1,NA,NA
1,NA,NA
1,NA,NA
1,NA,NA
1,NA,NA
1,NA,NA
1,NA,NA
1,NA,NA
1,NA,NA
1,NA,NA
1,NA,NA
1,NA,NA
1,NA,NA
1,NA,NA
1,NA,NA
1,NA,NA
O,NA,NA
VERLOADINGAND,NA,NA
T,NA,NA
1,NA,NA
Pointer,NA,NA
1,NA,NA
1,NA,NA
1,NA,NA
1,NA,NA
1,NA,NA
OperatorFunctionsasMemberFunctions,NA,NA
1,NA,NA
1,NA,NA
1,NA,NA
1,NA,NA
OverloadingtheStreamInsertion(,NA,NA
<<,NA,NA
)andExtraction(,NA,NA
>>,NA,NA
),NA,NA
1,NA,NA
1,NA,NA
1,NA,NA
1,NA,NA
1,NA,NA
1,NA,NA
1,NA,NA
1,NA,NA
1,NA,NA
1,NA,NA
1,NA,NA
1,NA,NA
1,NA,NA
1,NA,NA
1,NA,NA
1,NA,NA
1,NA,NA
OverloadingtheArrayIndex(Subscript),NA,NA
Operator(,NA,NA
[],NA,NA
1,NA,NA
1,NA,NA
1,NA,NA
1,NA,NA
1,NA,NA
1,NA,NA
1,NA,NA
1,NA,NA
1,NA,NA
1,NA,NA
1,NA,NA
1,NA,NA
1,NA,NA
1,NA,NA
1,NA,NA
1,NA,NA
1,NA,NA
1,NA,NA
E,NA,NA
XCEPTION,NA,NA
H,NA,NA
1,NA,NA
1,NA,NA
try,NA,NA
/,NA,NA
catch,NA,NA
1,NA,NA
1,NA,NA
1,NA,NA
1,NA,NA
1,NA,NA
1,NA,NA
1,NA,NA
1,NA,NA
1,NA,NA
1,NA,NA
1,NA,NA
1,NA,NA
1,NA,NA
1,NA,NA
1,NA,NA
1,NA,NA
1,NA,NA
R,NA,NA
1,NA,NA
1,NA,NA
1,NA,NA
1,NA,NA
1,NA,NA
1,NA,NA
1,NA,NA
1,NA,NA
1,NA,NA
1,NA,NA
1,NA,NA
1,NA,NA
1,NA,NA
1,NA,NA
1,NA,NA
L,NA,NA
INKED,NA,NA
L,NA,NA
1,NA,NA
1,NA,NA
1,NA,NA
1,NA,NA
1,NA,NA
1,NA,NA
1,NA,NA
MemberVariablesofthe,NA,NA
class,NA,NA
1,NA,NA
1,NA,NA
1,NA,NA
1,NA,NA
1,NA,NA
1,NA,NA
1,NA,NA
1,NA,NA
1,NA,NA
1,NA,NA
1,NA,NA
1,NA,NA
1,NA,NA
1,NA,NA
1,NA,NA
PrintaLinkedListinReverseOrder,NA,NA
1,NA,NA
1,NA,NA
1,NA,NA
1,NA,NA
1,NA,NA
1,NA,NA
1,NA,NA
1,NA,NA
1,NA,NA
1,NA,NA
1,NA,NA
1,NA,NA
1,NA,NA
1,NA,NA
1,NA,NA
1,NA,NA
1,NA,NA
1,NA,NA
1,NA,NA
1,NA,NA
1,NA,NA
1,NA,NA
1,NA,NA
S,NA,NA
TACKSAND,NA,NA
Q,NA,NA
1,NA,NA
1,NA,NA
1,NA,NA
1,NA,NA
1,NA,NA
1,NA,NA
OverloadingtheAssignmentOperator(,NA,NA
=,NA,NA
1,NA,NA
1,NA,NA
1,NA,NA
1,NA,NA
1,NA,NA
1,NA,NA
1,NA,NA
1,NA,NA
1,NA,NA
OverloadingtheAssignmentOperator(,NA,NA
=,NA,NA
1,NA,NA
1,NA,NA
StackasDerivedfromthe,NA,NA
class,NA,NA
1,NA,NA
ApplicationofStacks:PostfixExpressions,NA,NA
1,NA,NA
Function,NA,NA
1,NA,NA
Function,NA,NA
1,NA,NA
Function,NA,NA
Function,NA,NA
1,NA,NA
RemovingRecursion:NonrecursiveAlgorithm,NA,NA
1,NA,NA
1,NA,NA
1,NA,NA
1,NA,NA
1,NA,NA
1,NA,NA
1,NA,NA
1,NA,NA
1,NA,NA
1,NA,NA
1,NA,NA
QueueDerivedfromthe,NA,NA
class,NA,NA
1,NA,NA
1,NA,NA
1,NA,NA
1,NA,NA
1,NA,NA
1,NA,NA
1,NA,NA
1,NA,NA
1,NA,NA
1,NA,NA
1,NA,NA
1,NA,NA
1,NA,NA
1,NA,NA
1,NA,NA
1,NA,NA
S,NA,NA
EARCHINGAND,NA,NA
S,NA,NA
ORTING,NA,NA
A,NA,NA
1,NA,NA
1,NA,NA
1,NA,NA
1,NA,NA
BinarySearchAlgorithmandthe,NA,NA
class,NA,NA
1,NA,NA
1,NA,NA
1,NA,NA
1,NA,NA
1,NA,NA
1,NA,NA
1,NA,NA
BubbleSortAlgorithmandthe,NA,NA
class,NA,NA
1,NA,NA
1,NA,NA
1,NA,NA
1,NA,NA
1,NA,NA
LowerBoundonComparison-BasedSort,NA,NA
1,NA,NA
1,NA,NA
1,NA,NA
1,NA,NA
1,NA,NA
1,NA,NA
1,NA,NA
1,NA,NA
1,NA,NA
1,NA,NA
1,NA,NA
1,NA,NA
1,NA,NA
1,NA,NA
1,NA,NA
1,NA,NA
1,NA,NA
1,NA,NA
1,NA,NA
1,NA,NA
1,NA,NA
1,NA,NA
1,NA,NA
1,NA,NA
B,NA,NA
INARY,NA,NA
T,NA,NA
2,NA,NA
2,NA,NA
2,NA,NA
2,NA,NA
2,NA,NA
2,NA,NA
2,NA,NA
2,NA,NA
2,NA,NA
2,NA,NA
2,NA,NA
2,NA,NA
2,NA,NA
2,NA,NA
2,NA,NA
2,NA,NA
2,NA,NA
2,NA,NA
BinaryTreeTraversalandFunctions,NA,NA
2,NA,NA
2,NA,NA
2,NA,NA
2,NA,NA
2,NA,NA
2,NA,NA
2,NA,NA
2,NA,NA
2,NA,NA
G,NA,NA
2,NA,NA
2,NA,NA
2,NA,NA
2,NA,NA
2,NA,NA
2,NA,NA
2,NA,NA
2,NA,NA
2,NA,NA
2,NA,NA
2,NA,NA
2,NA,NA
2,NA,NA
2,NA,NA
2,NA,NA
2,NA,NA
2,NA,NA
2,NA,NA
2,NA,NA
S,NA,NA
TANDARD,NA,NA
T,NA,NA
EMPLATE,NA,NA
L,NA,NA
IBRARY,NA,NA
SequenceContainer:,NA,NA
2,NA,NA
2,NA,NA
2,NA,NA
2,NA,NA
2,NA,NA
2,NA,NA
The,NA,NA
copy,NA,NA
2,NA,NA
2,NA,NA
SequenceContainer:,NA,NA
2,NA,NA
2,NA,NA
SequenceContainer:,NA,NA
2,NA,NA
2,NA,NA
2,NA,NA
2,NA,NA
2,NA,NA
2,NA,NA
2,NA,NA
AssociativeContainers:,NA,NA
set,NA,NA
and,NA,NA
Declaring,NA,NA
set,NA,NA
or,NA,NA
multiset,NA,NA
2,NA,NA
ItemInsertionandDeletionfrom,NA,NA
set,NA,NA
/,NA,NA
2,NA,NA
2,NA,NA
2,NA,NA
2,NA,NA
"Containers,AssociatedHeaderFiles,",NA,NA
2,NA,NA
2,NA,NA
2,NA,NA
2,NA,NA
2,NA,NA
2,NA,NA
TheFunctions,NA,NA
fill,NA,NA
and,NA,NA
2,NA,NA
TheFunctions,NA,NA
generate,NA,NA
and,NA,NA
2,NA,NA
TheFunctions,NA,NA
find,NA,NA
",",NA,NA
find_if,NA,NA
",",NA,NA
find_end,NA,NA
",and",NA,NA
2,NA,NA
2,NA,NA
TheFunctions,NA,NA
remove,NA,NA
",",NA,NA
remove_if,NA,NA
",",NA,NA
remove_copy,NA,NA
",",NA,NA
and,NA,NA
2,NA,NA
2,NA,NA
TheFunctions,NA,NA
replace,NA,NA
",",NA,NA
replace_if,NA,NA
",",NA,NA
replace_copy,NA,NA
",",NA,NA
and,NA,NA
2,NA,NA
2,NA,NA
TheFunctions,NA,NA
swap,NA,NA
",",NA,NA
iter_swap,NA,NA
",and",NA,NA
2,NA,NA
TheFunctions,NA,NA
search,NA,NA
",",NA,NA
search_n,NA,NA
",",NA,NA
sort,NA,NA
",",NA,NA
and,NA,NA
2,NA,NA
2,NA,NA
TheFunctions,NA,NA
adjacent_find,NA,NA
",",NA,NA
merge,NA,NA
",",NA,NA
and,NA,NA
2,NA,NA
2,NA,NA
TheFunctions,NA,NA
reverse,NA,NA
",",NA,NA
reverse_copy,NA,NA
",",NA,NA
rotate,NA,NA
",",NA,NA
and,NA,NA
2,NA,NA
2,NA,NA
TheFunctions,NA,NA
count,NA,NA
",",NA,NA
count_if,NA,NA
",",NA,NA
max,NA,NA
",",NA,NA
max_element,NA,NA
",",NA,NA
min,NA,NA
",",NA,NA
min_element,NA,NA
",and",NA,NA
2,NA,NA
2,NA,NA
TheFunctions,NA,NA
for_each,NA,NA
and,NA,NA
2,NA,NA
TheFunctions,NA,NA
includes,NA,NA
",",NA,NA
set_intersection,NA,NA
",",NA,NA
set_union,NA,NA
",",NA,NA
set_difference,NA,NA
",and",NA,NA
2,NA,NA
2,NA,NA
2,NA,NA
2,NA,NA
2,NA,NA
TheFunctions,NA,NA
accumulate,NA,NA
",",NA,NA
adjacent_difference,NA,NA
",",NA,NA
inner_product,NA,NA
",and",NA,NA
2,NA,NA
2,NA,NA
2,NA,NA
2,NA,NA
2,NA,NA
2,NA,NA
APPENDIXA,NA,NA
R,NA,NA
ESERVED,NA,NA
W,NA,NA
APPENDIXB,NA,NA
O,NA,NA
PERATOR,NA,NA
P,NA,NA
ASCII(AmericanStandardCodeforInformation,NA,NA
APPENDIXC,NA,NA
C,NA,NA
HARACTER,NA,NA
S,NA,NA
EBCDIC(ExtendedBinaryCodedDecimal,NA,NA
APPENDIXD,NA,NA
O,NA,NA
PERATOR,NA,NA
O,NA,NA
Binary(Base2)Representation,NA,NA
APPENDIXE,NA,NA
ADDITIONALC++,NA,NA
ConvertingaBinaryNumber(Base2)toOctal(Base8),NA,NA
NamingConventionsofHeaderFilesinANSI/ISO,NA,NA
HeaderFile,NA,NA
cassert,NA,NA
(,NA,NA
assert.h,NA,NA
APPENDIXF,NA,NA
HeaderFile,NA,NA
cctype,NA,NA
(,NA,NA
ctype.h,NA,NA
HeaderFile,NA,NA
cfloat,NA,NA
(,NA,NA
float.h,NA,NA
HeaderFile,NA,NA
climits,NA,NA
(,NA,NA
limits.h,NA,NA
HeaderFile,NA,NA
cmath,NA,NA
(,NA,NA
math.h,NA,NA
HeaderFile,NA,NA
cstddef,NA,NA
(,NA,NA
stddef.h,NA,NA
HeaderFile,NA,NA
cstring,NA,NA
(,NA,NA
string.h,NA,NA
APPENDIXG,NA,NA
MEMORYSIZEONA,NA,NA
SYSTEMANDRANDOM,NA,NA
APPENDIXH,NA,NA
APPENDIXI,NA,NA
ANSWERSTO,NA,NA
ODD-NUMBERED,NA,NA
I,NA,NA
